judge,readout,fault,detection_correct,detection_wrong,gap,n_pairs
llama3.1-8b,direct,F1,0.0,0.0,0.0,14
llama3.1-8b,direct,F2,0.0,0.0,0.0,14
llama3.1-8b,direct,F3,0.0,0.0,0.0,14
llama3.1-8b,reason_then_verdict,F1,0.9285714285714286,0.8333333333333334,-0.09523809523809523,14
llama3.1-8b,reason_then_verdict,F2,0.7692307692307693,0.6923076923076923,-0.07692307692307698,14
llama3.1-8b,reason_then_verdict,F3,0.7142857142857143,0.5714285714285714,-0.1428571428571429,14
qwen2.5-7b,direct,F1,0.6428571428571429,0.6428571428571429,0.0,14
qwen2.5-7b,direct,F2,0.5,0.5,0.0,14
qwen2.5-7b,direct,F3,0.2857142857142857,0.5,0.2142857142857143,14
qwen2.5-7b,reason_then_verdict,F1,0.21428571428571427,0.42857142857142855,0.21428571428571427,14
qwen2.5-7b,reason_then_verdict,F2,0.35714285714285715,0.42857142857142855,0.0714285714285714,14
qwen2.5-7b,reason_then_verdict,F3,0.07142857142857142,0.14285714285714285,0.07142857142857142,14
qwen3-14b,direct,F1,0.9285714285714286,0.9285714285714286,0.0,14
qwen3-14b,direct,F2,1.0,1.0,0.0,14
qwen3-14b,direct,F3,0.9285714285714286,1.0,0.0714285714285714,14
qwen3-14b,reason_then_verdict,F1,0.2857142857142857,0.38461538461538464,0.09890109890109894,14
qwen3-14b,reason_then_verdict,F2,0.35714285714285715,0.42857142857142855,0.0714285714285714,14
qwen3-14b,reason_then_verdict,F3,0.07142857142857142,0.07692307692307693,0.005494505494505503,14
